{"cameraMode":{"drawMode":0,"name":"Shaded","section":"Shading Mode"},"sceneLighting":true,"audioPlay":false,"sceneViewState":{"showFog":true,"showMaterialUpdate":false,"showSkybox":true,"showFlares":true,"showImageEffects":true,"showParticleSystems":true},"in2DMode":false,"pivot":{"x":15.893020629882813,"y":-0.014003157615661621,"z":20.43136215209961},"rotation":{"x":-0.121847964823246,"y":-0.29112207889556887,"z":0.03741211071610451,"w":-0.9481568932533264},"size":29.207199096679689,"orthographic":false}