{"cameraMode":{"drawMode":0,"name":"Shaded","section":"Shading Mode"},"sceneLighting":true,"audioPlay":false,"sceneViewState":{"showFog":true,"showMaterialUpdate":false,"showSkybox":true,"showFlares":true,"showImageEffects":true,"showParticleSystems":true},"in2DMode":false,"pivot":{"x":46.87916564941406,"y":-2.5146217346191408,"z":67.68960571289063},"rotation":{"x":-0.359401136636734,"y":-0.028831414878368379,"z":0.011110146529972554,"w":-0.932671844959259},"size":46.86200714111328,"orthographic":false}