{"cameraMode":{"drawMode":0,"name":"Shaded","section":"Shading Mode"},"sceneLighting":false,"audioPlay":false,"sceneViewState":{"showFog":true,"showMaterialUpdate":false,"showSkybox":false,"showFlares":true,"showImageEffects":true,"showParticleSystems":true},"in2DMode":false,"pivot":{"x":-0.008826762437820435,"y":0.40860438346862795,"z":0.0},"rotation":{"x":-0.0004982147365808487,"y":-0.9971955418586731,"z":-0.07461992651224137,"w":0.006588655989617109},"size":3.8565895557403566,"orthographic":false}